File name,Fleet size,Number of jobs,Average job duration,Average energy job costs,Lower bound,Upper bound,GAP (%),Runtime
Ins_V10_J150_T30_R60_B10_W2_S86_N6.txt,10,150,34,2,695,536,22.88,600.09
Ins_V5_J50_T10_R60_B10_W4_S122_N2.txt,5,50,13,4,391,391,0.00,9.39
Ins_V2_J100_T30_R60_B10_W1_S202_N2.txt,2,100,38,1,2280,2280,0.00,52.63
Ins_V5_J50_T20_R60_B10_W4_S130_N0.txt,5,50,20,4,401,401,0.00,7.02
Ins_V10_J50_T10_R60_B10_W2_S150_N0.txt,10,50,10,2,92,92,0.00,21.32
Ins_V2_J150_T10_R60_B10_W4_S2_N2.txt,2,150,12,4,2975,2975,0.00,414.18
Ins_V10_J100_T10_R60_B10_W1_S248_N8.txt,10,100,14,1,159,159,0.00,49.08
Ins_V5_J100_T20_R60_B10_W1_S220_N0.txt,5,100,23,1,568,568,0.00,72.68
Ins_V10_J50_T10_R60_B10_W4_S154_N4.txt,10,50,11,4,154,153,0.65,600.37
Ins_V5_J150_T10_R60_B10_W2_S32_N2.txt,5,150,11,2,775,666,14.06,600.22
Ins_V5_J150_T30_R60_B10_W4_S57_N7.txt,5,150,40,4,2031,1995,1.77,600.11
Ins_V2_J50_T20_R60_B10_W2_S101_N1.txt,2,50,23,2,987,987,0.00,8.79
Ins_V10_J100_T10_R60_B10_W4_S245_N5.txt,10,100,11,4,336,324,3.57,600.15
Ins_V2_J100_T20_R60_B10_W2_S190_N0.txt,2,100,27,2,2204,2204,0.00,93.74
Ins_V5_J100_T10_R60_B10_W1_S212_N2.txt,5,100,12,1,349,349,0.00,40.30
Ins_V2_J150_T30_R60_B10_W1_S21_N1.txt,2,150,41,1,3634,3634,0.00,157.10
Ins_V10_J50_T30_R60_B10_W1_S179_N9.txt,10,50,39,1,196,196,0.00,0.60
Ins_V2_J100_T20_R60_B10_W4_S191_N1.txt,2,100,26,4,2680,2680,0.00,148.92
Ins_V10_J100_T20_R60_B10_W1_S256_N6.txt,10,100,24,1,262,262,0.00,87.31
Ins_V10_J50_T20_R60_B10_W4_S160_N0.txt,10,50,25,4,205,205,0.00,131.54
Ins_V5_J150_T10_R60_B10_W1_S38_N8.txt,5,150,12,1,571,571,0.00,267.79
Ins_V10_J100_T30_R60_B10_W2_S261_N1.txt,10,100,36,2,464,455,1.94,600.15
Ins_V5_J150_T20_R60_B10_W4_S47_N7.txt,5,150,25,4,1653,1617,2.18,600.11
Ins_V5_J50_T30_R60_B10_W1_S149_N9.txt,5,50,37,1,397,397,0.00,5.90
Ins_V2_J150_T20_R60_B10_W1_S10_N0.txt,2,150,24,1,2421,2421,0.00,282.72
Ins_V5_J50_T30_R60_B10_W2_S146_N6.txt,5,50,42,2,530,530,0.00,62.77
Ins_V5_J50_T30_R60_B10_W4_S149_N9.txt,5,50,37,3,553,553,0.00,81.62
Ins_V2_J100_T30_R60_B10_W4_S207_N7.txt,2,100,39,4,3308,3308,0.00,215.17
Ins_V2_J100_T30_R60_B10_W2_S205_N5.txt,2,100,37,2,2610,2610,0.00,98.35
Ins_V10_J100_T10_R60_B10_W2_S242_N2.txt,10,100,12,2,221,221,0.00,581.57
Ins_V10_J100_T10_R60_B10_W4_S248_N8.txt,10,100,14,4,365,333,8.77,600.17
Ins_V10_J50_T10_R60_B10_W1_S153_N3.txt,10,50,11,1,56,56,0.00,0.37
Ins_V2_J150_T10_R60_B10_W2_S5_N5.txt,2,150,12,2,2112,2112,0.00,389.71
Ins_V5_J100_T30_R60_B10_W1_S231_N1.txt,5,100,39,1,877,877,0.00,223.38
Ins_V5_J100_T30_R60_B10_W2_S239_N9.txt,5,100,37,2,994,993,0.10,600.17
Ins_V10_J100_T10_R60_B10_W4_S244_N4.txt,10,100,12,4,358,342,4.47,600.18
Ins_V5_J50_T20_R60_B10_W1_S133_N3.txt,5,50,26,1,300,300,0.00,5.05
Ins_V5_J100_T20_R60_B10_W1_S228_N8.txt,5,100,25,1,600,600,0.00,57.48
Ins_V10_J50_T30_R60_B10_W2_S176_N6.txt,10,50,32,2,186,186,0.00,48.89
Ins_V10_J50_T10_R60_B10_W1_S158_N8.txt,10,50,12,1,61,61,0.00,0.34
Ins_V2_J100_T30_R60_B10_W2_S206_N6.txt,2,100,39,2,2775,2775,0.00,159.55
Ins_V5_J50_T30_R60_B10_W2_S144_N4.txt,5,50,31,2,409,408,0.24,600.92
Ins_V2_J150_T30_R60_B10_W2_S26_N6.txt,2,150,39,2,4072,4072,0.00,278.38
Ins_V5_J150_T30_R60_B10_W1_S53_N3.txt,5,150,37,1,1332,1332,0.00,263.29
Ins_V5_J150_T20_R60_B10_W2_S43_N3.txt,5,150,23,2,1155,803,30.48,600.12
Ins_V2_J100_T30_R60_B10_W2_S207_N7.txt,2,100,39,2,2648,2648,0.00,243.94
Ins_V2_J50_T10_R60_B10_W4_S91_N1.txt,2,50,13,4,1065,1065,0.00,11.91
Ins_V2_J150_T20_R60_B10_W4_S19_N9.txt,2,150,24,4,3797,3767,0.79,600.12
Ins_V5_J50_T20_R60_B10_W2_S132_N2.txt,5,50,29,2,381,381,0.00,7.91
Ins_V2_J50_T10_R60_B10_W2_S91_N1.txt,2,50,13,2,645,645,0.00,3.40
Ins_V2_J150_T30_R60_B10_W2_S21_N1.txt,2,150,41,2,4234,3364,20.55,600.06
Ins_V2_J50_T20_R60_B10_W1_S107_N7.txt,2,50,28,1,822,822,0.00,4.76
Ins_V2_J50_T20_R60_B10_W2_S103_N3.txt,2,50,27,2,1006,1006,0.00,12.46
Ins_V5_J150_T30_R60_B10_W4_S56_N6.txt,5,150,41,4,2053,1920,6.48,600.13
Ins_V10_J150_T30_R60_B10_W4_S87_N7.txt,10,150,35,4,915,891,2.62,600.20
Ins_V10_J100_T20_R60_B10_W2_S252_N2.txt,10,100,28,2,383,377,1.57,600.18
Ins_V2_J150_T20_R60_B10_W2_S13_N3.txt,2,150,24,2,2980,2980,0.00,576.26
Ins_V5_J50_T30_R60_B10_W4_S141_N1.txt,5,50,35,4,570,570,0.00,3.92
Ins_V5_J50_T20_R60_B10_W1_S136_N6.txt,5,50,27,1,299,299,0.00,4.77
Ins_V10_J150_T30_R60_B10_W1_S80_N0.txt,10,150,34,1,574,563,1.92,600.10
Ins_V2_J100_T30_R60_B10_W4_S208_N8.txt,2,100,40,4,3340,3340,0.00,75.80
Ins_V10_J50_T30_R60_B10_W4_S173_N3.txt,10,50,36,4,265,263,0.75,600.21
Ins_V5_J50_T20_R60_B10_W2_S130_N0.txt,5,50,20,2,305,305,0.00,10.48
Ins_V10_J50_T10_R60_B10_W2_S155_N5.txt,10,50,13,2,85,85,0.00,6.78
Ins_V10_J150_T30_R60_B10_W1_S89_N9.txt,10,150,39,1,655,625,4.58,600.10
Ins_V10_J150_T30_R60_B10_W2_S83_N3.txt,10,150,38,2,781,597,23.56,600.09
Ins_V10_J150_T30_R60_B10_W2_S81_N1.txt,10,150,38,2,806,638,20.84,600.09
Ins_V5_J150_T20_R60_B10_W2_S48_N8.txt,5,150,26,2,1219,1212,0.57,600.26
Ins_V10_J100_T30_R60_B10_W1_S269_N9.txt,10,100,40,1,423,423,0.00,187.89
Ins_V5_J100_T10_R60_B10_W1_S215_N5.txt,5,100,13,1,361,361,0.00,39.24
Ins_V10_J150_T20_R60_B10_W1_S74_N4.txt,10,150,29,1,503,503,0.00,547.60
Ins_V2_J100_T20_R60_B10_W1_S193_N3.txt,2,100,26,1,1673,1673,0.00,115.44
Ins_V5_J100_T10_R60_B10_W2_S214_N4.txt,5,100,13,2,473,473,0.00,121.66
Ins_V5_J150_T20_R60_B10_W1_S43_N3.txt,5,150,23,1,900,900,0.00,270.21
Ins_V5_J50_T10_R60_B10_W2_S123_N3.txt,5,50,10,2,191,191,0.00,4.73
Ins_V5_J100_T30_R60_B10_W1_S235_N5.txt,5,100,34,1,808,808,0.00,80.79
Ins_V10_J100_T20_R60_B10_W2_S256_N6.txt,10,100,24,2,322,322,0.00,207.46
Ins_V10_J50_T20_R60_B10_W1_S162_N2.txt,10,50,24,1,125,125,0.00,0.72
Ins_V5_J50_T20_R60_B10_W4_S136_N6.txt,5,50,27,4,515,515,0.00,88.02
Ins_V5_J150_T30_R60_B10_W1_S58_N8.txt,5,150,36,1,1312,1312,0.00,379.96
Ins_V10_J100_T20_R60_B10_W4_S252_N2.txt,10,100,28,4,481,467,2.91,600.16
Ins_V2_J100_T20_R60_B10_W2_S197_N7.txt,2,100,25,2,1977,1977,0.00,162.39
Ins_V2_J150_T20_R60_B10_W4_S18_N8.txt,2,150,26,4,3960,3960,0.00,515.05
Ins_V2_J50_T30_R60_B10_W1_S115_N5.txt,2,50,44,1,1295,1295,0.00,12.98
Ins_V2_J100_T10_R60_B10_W1_S184_N4.txt,2,100,12,1,986,986,0.00,18.31
Ins_V5_J100_T30_R60_B10_W2_S238_N8.txt,5,100,38,2,1070,1068,0.19,600.41
Ins_V5_J100_T30_R60_B10_W1_S238_N8.txt,5,100,38,1,852,852,0.00,92.00
Ins_V10_J50_T20_R60_B10_W2_S163_N3.txt,10,50,24,2,144,144,0.00,118.64
Ins_V10_J150_T30_R60_B10_W4_S80_N0.txt,10,150,34,4,887,802,9.58,600.14
Ins_V2_J150_T30_R60_B10_W1_S27_N7.txt,2,150,38,1,3513,3513,0.00,280.96
Ins_V2_J100_T10_R60_B10_W4_S182_N2.txt,2,100,11,4,1892,1892,0.00,47.97
Ins_V10_J150_T10_R60_B10_W4_S65_N5.txt,10,150,12,4,546,489,10.44,600.23
Ins_V2_J50_T30_R60_B10_W1_S116_N6.txt,2,50,35,1,1045,1045,0.00,9.09
Ins_V5_J150_T10_R60_B10_W1_S37_N7.txt,5,150,12,1,537,537,0.00,193.37
Ins_V10_J150_T10_R60_B10_W1_S60_N0.txt,10,150,12,1,248,248,0.00,304.41
Ins_V10_J50_T10_R60_B10_W2_S157_N7.txt,10,50,12,2,94,94,0.00,7.27
Ins_V2_J150_T20_R60_B10_W2_S11_N1.txt,2,150,26,2,2958,2958,0.00,423.62
Ins_V10_J100_T30_R60_B10_W4_S262_N2.txt,10,100,34,4,591,590,0.17,600.33
Ins_V10_J100_T10_R60_B10_W2_S245_N5.txt,10,100,11,2,210,210,0.00,262.51
Ins_V10_J100_T20_R60_B10_W2_S257_N7.txt,10,100,27,2,383,376,1.83,600.19
Ins_V2_J50_T30_R60_B10_W2_S110_N0.txt,2,50,35,2,1227,1227,0.00,17.83
Ins_V5_J100_T10_R60_B10_W1_S216_N6.txt,5,100,11,1,319,319,0.00,26.88
Ins_V2_J50_T20_R60_B10_W4_S103_N3.txt,2,50,27,5,1456,1456,0.00,0.38
Ins_V5_J100_T20_R60_B10_W4_S221_N1.txt,5,100,26,5,1078,1066,1.11,600.07
Ins_V5_J100_T10_R60_B10_W2_S211_N1.txt,5,100,12,2,494,494,0.00,105.60
Ins_V10_J150_T30_R60_B10_W1_S82_N2.txt,10,150,37,1,618,608,1.62,600.11
Ins_V5_J150_T10_R60_B10_W4_S31_N1.txt,5,150,12,4,1144,1090,4.72,600.09
Ins_V10_J50_T20_R60_B10_W2_S167_N7.txt,10,50,25,2,148,145,2.03,601.04
Ins_V2_J150_T10_R60_B10_W2_S3_N3.txt,2,150,12,2,1947,1947,0.00,216.46
Ins_V5_J50_T20_R60_B10_W1_S139_N9.txt,5,50,23,1,258,258,0.00,4.50
Ins_V2_J150_T20_R60_B10_W4_S10_N0.txt,2,150,24,4,3681,3681,0.00,433.93
Ins_V10_J150_T30_R60_B10_W2_S80_N0.txt,10,150,34,2,702,534,23.93,600.10
Ins_V5_J150_T10_R60_B10_W2_S34_N4.txt,5,150,12,2,839,708,15.61,600.17
Ins_V2_J50_T10_R60_B10_W2_S99_N9.txt,2,50,11,2,583,583,0.00,2.03
Ins_V10_J150_T20_R60_B10_W1_S73_N3.txt,10,150,25,1,439,418,4.78,600.13
Ins_V10_J100_T30_R60_B10_W2_S265_N5.txt,10,100,38,2,489,479,2.04,600.17
Ins_V2_J100_T20_R60_B10_W2_S191_N1.txt,2,100,26,2,2080,2080,0.00,104.85
Ins_V5_J100_T30_R60_B10_W2_S234_N4.txt,5,100,39,2,1045,1033,1.15,600.12
Ins_V5_J100_T20_R60_B10_W4_S227_N7.txt,5,100,22,4,962,933,3.01,600.19
Ins_V2_J50_T10_R60_B10_W2_S90_N0.txt,2,50,11,2,627,627,0.00,4.22
Ins_V2_J100_T20_R60_B10_W1_S190_N0.txt,2,100,27,1,1724,1724,0.00,77.90
Ins_V2_J100_T20_R60_B10_W4_S193_N3.txt,2,100,26,4,2573,2573,0.00,116.98
Ins_V5_J150_T20_R60_B10_W2_S47_N7.txt,5,150,25,2,1186,837,29.43,600.11
Ins_V10_J150_T10_R60_B10_W1_S62_N2.txt,10,150,12,1,252,252,0.00,206.12
Ins_V5_J100_T30_R60_B10_W1_S234_N4.txt,5,100,39,1,889,889,0.00,86.63
Ins_V2_J100_T20_R60_B10_W4_S198_N8.txt,2,100,24,4,2676,2676,0.00,47.23
Ins_V2_J150_T20_R60_B10_W1_S17_N7.txt,2,150,23,1,2314,2314,0.00,182.18
Ins_V2_J100_T10_R60_B10_W2_S185_N5.txt,2,100,12,2,1310,1310,0.00,57.46
Ins_V10_J150_T20_R60_B10_W2_S71_N1.txt,10,150,23,2,577,379,34.32,600.11
Ins_V2_J150_T20_R60_B10_W2_S16_N6.txt,2,150,23,2,3050,3020,0.98,600.10
Ins_V10_J150_T10_R60_B10_W4_S60_N0.txt,10,150,12,4,535,458,14.39,600.21
Ins_V5_J150_T30_R60_B10_W2_S58_N8.txt,5,150,36,2,1775,1168,34.20,600.11
Ins_V10_J50_T20_R60_B10_W2_S160_N0.txt,10,50,25,2,151,151,0.00,22.18
Ins_V2_J50_T20_R60_B10_W1_S101_N1.txt,2,50,23,1,747,747,0.00,2.78
Ins_V5_J150_T20_R60_B10_W2_S49_N9.txt,5,150,23,2,1131,831,26.53,600.09
Ins_V2_J150_T20_R60_B10_W4_S15_N5.txt,2,150,25,4,3800,3770,0.79,600.26
Ins_V2_J100_T10_R60_B10_W1_S183_N3.txt,2,100,12,1,1026,1026,0.00,34.90
Ins_V2_J50_T10_R60_B10_W4_S98_N8.txt,2,50,12,3,855,855,0.00,4.93
Ins_V2_J150_T10_R60_B10_W2_S8_N8.txt,2,150,12,2,2035,2035,0.00,183.79
Ins_V5_J150_T10_R60_B10_W2_S37_N7.txt,5,150,12,2,777,671,13.64,600.14
Ins_V10_J150_T10_R60_B10_W4_S67_N7.txt,10,150,13,4,552,485,12.14,600.26
Ins_V5_J150_T30_R60_B10_W1_S55_N5.txt,5,150,39,1,1341,1341,0.00,424.23
Ins_V2_J50_T30_R60_B10_W2_S113_N3.txt,2,50,40,2,1319,1319,0.00,12.31
Ins_V2_J150_T30_R60_B10_W1_S26_N6.txt,2,150,39,1,3562,3562,0.00,170.62
Ins_V2_J100_T10_R60_B10_W2_S180_N0.txt,2,100,11,2,1318,1318,0.00,50.74
Ins_V5_J100_T30_R60_B10_W4_S234_N4.txt,5,100,39,4,1345,1333,0.89,600.16
Ins_V10_J100_T20_R60_B10_W1_S254_N4.txt,10,100,22,1,251,251,0.00,188.64
Ins_V10_J150_T10_R60_B10_W1_S65_N5.txt,10,150,12,1,261,261,0.00,511.87
Ins_V10_J150_T10_R60_B10_W2_S63_N3.txt,10,150,11,2,344,175,49.13,600.08
Ins_V10_J150_T10_R60_B10_W2_S60_N0.txt,10,150,12,2,405,199,50.86,600.12
Ins_V5_J100_T10_R60_B10_W4_S218_N8.txt,5,100,11,4,803,791,1.49,600.16
Ins_V2_J150_T30_R60_B10_W2_S25_N5.txt,2,150,38,2,4025,3995,0.75,600.08
Ins_V10_J50_T10_R60_B10_W2_S158_N8.txt,10,50,12,2,85,85,0.00,8.30
Ins_V2_J50_T20_R60_B10_W4_S106_N6.txt,2,50,27,4,1276,1276,0.00,13.84
Ins_V5_J150_T10_R60_B10_W2_S31_N1.txt,5,150,12,2,808,439,45.67,600.09
Ins_V10_J150_T30_R60_B10_W4_S86_N6.txt,10,150,34,4,905,831,8.18,600.24
Ins_V2_J150_T30_R60_B10_W4_S28_N8.txt,2,150,36,4,4731,4701,0.63,600.10
Ins_V5_J50_T10_R60_B10_W4_S126_N6.txt,5,50,13,4,384,384,0.00,120.36
Ins_V2_J100_T20_R60_B10_W4_S196_N6.txt,2,100,27,4,2773,2743,1.08,600.17
Ins_V5_J100_T20_R60_B10_W1_S221_N1.txt,5,100,26,1,633,633,0.00,41.30
Ins_V5_J50_T10_R60_B10_W1_S128_N8.txt,5,50,14,1,165,165,0.00,4.03
Ins_V5_J50_T10_R60_B10_W1_S122_N2.txt,5,50,13,1,163,163,0.00,3.78
Ins_V2_J50_T10_R60_B10_W1_S98_N8.txt,2,50,12,1,465,465,0.00,2.44
Ins_V5_J100_T20_R60_B10_W2_S225_N5.txt,5,100,25,2,756,756,0.00,166.73
Ins_V2_J150_T10_R60_B10_W2_S2_N2.txt,2,150,12,2,2045,2045,0.00,295.19
Ins_V2_J100_T10_R60_B10_W4_S185_N5.txt,2,100,12,5,2150,2120,1.40,600.16
Ins_V5_J100_T30_R60_B10_W2_S237_N7.txt,5,100,41,2,1095,1095,0.00,321.46
Ins_V5_J100_T20_R60_B10_W2_S228_N8.txt,5,100,25,2,756,756,0.00,202.01
Ins_V2_J50_T10_R60_B10_W4_S93_N3.txt,2,50,11,4,1019,1019,0.00,5.90
Ins_V2_J100_T30_R60_B10_W1_S209_N9.txt,2,100,36,1,2179,2179,0.00,69.13
Ins_V5_J50_T10_R60_B10_W2_S120_N0.txt,5,50,11,2,190,190,0.00,7.60
Ins_V5_J150_T20_R60_B10_W1_S49_N9.txt,5,150,23,1,879,879,0.00,538.15
Ins_V10_J100_T10_R60_B10_W1_S244_N4.txt,10,100,12,1,147,147,0.00,46.26
Ins_V10_J150_T20_R60_B10_W4_S76_N6.txt,10,150,25,4,731,675,7.66,600.24
Ins_V10_J100_T10_R60_B10_W4_S246_N6.txt,10,100,11,4,328,322,1.83,600.20
Ins_V10_J150_T10_R60_B10_W4_S62_N2.txt,10,150,12,4,577,558,3.29,600.21
Ins_V5_J100_T20_R60_B10_W4_S220_N0.txt,5,100,23,4,989,964,2.53,600.16
Ins_V5_J100_T20_R60_B10_W2_S223_N3.txt,5,100,28,2,814,814,0.00,281.77
Ins_V2_J50_T20_R60_B10_W1_S109_N9.txt,2,50,27,1,817,817,0.00,4.66
Ins_V10_J150_T20_R60_B10_W4_S72_N2.txt,10,150,26,4,780,739,5.26,600.21
Ins_V2_J100_T10_R60_B10_W1_S186_N6.txt,2,100,13,1,1059,1059,0.00,29.03
Ins_V5_J50_T10_R60_B10_W4_S121_N1.txt,5,50,11,5,454,454,0.00,3.83
Ins_V10_J100_T20_R60_B10_W4_S255_N5.txt,10,100,27,4,488,457,6.35,600.15
Ins_V10_J50_T10_R60_B10_W4_S152_N2.txt,10,50,14,4,157,156,0.64,600.30
Ins_V5_J50_T20_R60_B10_W2_S136_N6.txt,5,50,27,2,371,371,0.00,19.14
Ins_V5_J50_T20_R60_B10_W4_S131_N1.txt,5,50,28,4,487,486,0.21,600.67
Ins_V2_J150_T20_R60_B10_W4_S13_N3.txt,2,150,24,4,3940,3895,1.14,600.57
Ins_V5_J150_T10_R60_B10_W1_S31_N1.txt,5,150,12,1,556,556,0.00,460.94
Ins_V2_J150_T10_R60_B10_W2_S1_N1.txt,2,150,12,2,2007,2007,0.00,260.84
Ins_V5_J50_T30_R60_B10_W1_S143_N3.txt,5,50,38,1,412,412,0.00,11.25
Ins_V10_J100_T10_R60_B10_W4_S243_N3.txt,10,100,11,4,335,315,5.97,600.16
Ins_V2_J50_T30_R60_B10_W2_S118_N8.txt,2,50,41,2,1358,1358,0.00,12.41
Ins_V2_J150_T10_R60_B10_W1_S9_N9.txt,2,150,12,1,1470,1470,0.00,139.95
Ins_V10_J100_T10_R60_B10_W2_S244_N4.txt,10,100,12,2,219,219,0.00,593.99
Ins_V2_J50_T10_R60_B10_W1_S99_N9.txt,2,50,11,1,433,433,0.00,1.59
Ins_V10_J50_T20_R60_B10_W4_S168_N8.txt,10,50,26,4,209,209,0.00,123.44
Ins_V10_J50_T30_R60_B10_W4_S178_N8.txt,10,50,43,4,318,318,0.00,167.00
Ins_V10_J50_T20_R60_B10_W1_S161_N1.txt,10,50,25,1,126,126,0.00,0.39
Ins_V5_J150_T10_R60_B10_W4_S34_N4.txt,5,150,12,4,1138,1114,2.11,600.12
Ins_V5_J100_T20_R60_B10_W4_S222_N2.txt,5,100,27,4,1084,1084,0.00,16.34
Ins_V10_J100_T20_R60_B10_W2_S258_N8.txt,10,100,25,2,360,333,7.50,600.11
Ins_V2_J150_T10_R60_B10_W1_S1_N1.txt,2,150,12,1,1497,1497,0.00,187.97
Ins_V10_J150_T30_R60_B10_W1_S87_N7.txt,10,150,35,1,586,570,2.73,600.15
Ins_V2_J50_T20_R60_B10_W1_S104_N4.txt,2,50,26,1,802,802,0.00,6.08
Ins_V2_J50_T10_R60_B10_W1_S90_N0.txt,2,50,11,1,447,447,0.00,1.76
Ins_V5_J100_T10_R60_B10_W2_S219_N9.txt,5,100,12,2,520,520,0.00,457.17
Ins_V5_J150_T30_R60_B10_W4_S54_N4.txt,5,150,35,4,1881,1881,0.00,163.67
Ins_V10_J150_T30_R60_B10_W4_S89_N9.txt,10,150,39,4,953,865,9.23,600.26
Ins_V5_J150_T30_R60_B10_W1_S59_N9.txt,5,150,40,1,1404,1404,0.00,269.84
Ins_V10_J100_T20_R60_B10_W4_S250_N0.txt,10,100,24,4,493,489,0.81,600.20
Ins_V2_J150_T10_R60_B10_W2_S4_N4.txt,2,150,13,2,2108,2108,0.00,490.88
Ins_V10_J150_T20_R60_B10_W4_S70_N0.txt,10,150,26,4,798,752,5.76,600.27
Ins_V2_J100_T30_R60_B10_W2_S202_N2.txt,2,100,38,2,2700,2700,0.00,109.21
Ins_V5_J100_T10_R60_B10_W2_S210_N0.txt,5,100,13,2,518,518,0.00,142.72
Ins_V2_J100_T30_R60_B10_W4_S201_N1.txt,2,100,38,4,3107,3077,0.97,600.16
Ins_V2_J50_T10_R60_B10_W4_S95_N5.txt,2,50,12,4,1021,1021,0.00,28.23
Ins_V5_J100_T30_R60_B10_W4_S239_N9.txt,5,100,37,4,1305,1245,4.60,600.14
Ins_V10_J100_T30_R60_B10_W1_S266_N6.txt,10,100,37,1,395,395,0.00,164.34
Ins_V5_J150_T30_R60_B10_W4_S59_N9.txt,5,150,40,4,2048,2004,2.15,600.14
Ins_V5_J150_T10_R60_B10_W4_S35_N5.txt,5,150,12,4,1192,1167,2.10,600.11
Ins_V5_J50_T30_R60_B10_W2_S141_N1.txt,5,50,35,2,462,462,0.00,28.89
Ins_V2_J100_T30_R60_B10_W4_S209_N9.txt,2,100,36,4,3319,3319,0.00,592.68
Ins_V5_J100_T20_R60_B10_W1_S222_N2.txt,5,100,27,1,676,676,0.00,46.52
Ins_V5_J50_T20_R60_B10_W1_S130_N0.txt,5,50,20,1,245,245,0.00,4.74
Ins_V10_J100_T10_R60_B10_W2_S243_N3.txt,10,100,11,2,220,219,0.45,600.49
Ins_V5_J100_T30_R60_B10_W1_S232_N2.txt,5,100,35,1,808,808,0.00,72.17
Ins_V10_J50_T20_R60_B10_W1_S169_N9.txt,10,50,22,1,115,115,0.00,0.41
Ins_V2_J150_T30_R60_B10_W1_S28_N8.txt,2,150,36,1,3291,3291,0.00,303.70
Ins_V5_J100_T20_R60_B10_W4_S228_N8.txt,5,100,25,4,1056,1020,3.41,600.06
Ins_V10_J50_T10_R60_B10_W1_S154_N4.txt,10,50,11,1,59,59,0.00,0.35
Ins_V10_J100_T30_R60_B10_W1_S268_N8.txt,10,100,34,1,372,372,0.00,156.01
Ins_V10_J50_T20_R60_B10_W1_S167_N7.txt,10,50,25,1,127,127,0.00,0.36
Ins_V10_J150_T30_R60_B10_W4_S85_N5.txt,10,150,36,4,915,811,11.37,600.28
Ins_V10_J50_T30_R60_B10_W2_S172_N2.txt,10,50,36,2,194,194,0.00,72.33
Ins_V10_J150_T20_R60_B10_W2_S72_N2.txt,10,150,26,2,591,490,17.09,600.13
Ins_V5_J50_T10_R60_B10_W2_S121_N1.txt,5,50,11,2,214,214,0.00,5.80
Ins_V5_J150_T30_R60_B10_W4_S52_N2.txt,5,150,37,4,1931,1868,3.26,600.13
Ins_V5_J150_T20_R60_B10_W4_S46_N6.txt,5,150,25,4,1521,1401,7.89,600.15
Ins_V5_J150_T30_R60_B10_W4_S50_N0.txt,5,150,35,4,1902,1865,1.95,600.14
Ins_V5_J100_T10_R60_B10_W2_S215_N5.txt,5,100,13,2,517,517,0.00,89.08
Ins_V2_J150_T30_R60_B10_W2_S20_N0.txt,2,150,36,2,3912,2958,24.39,600.08
Ins_V2_J100_T30_R60_B10_W2_S203_N3.txt,2,100,35,2,2548,2548,0.00,110.70
Ins_V5_J50_T30_R60_B10_W2_S140_N0.txt,5,50,35,2,462,462,0.00,23.82
Ins_V5_J100_T30_R60_B10_W2_S236_N6.txt,5,100,39,2,1037,1037,0.00,467.73
Ins_V10_J150_T30_R60_B10_W4_S82_N2.txt,10,150,37,4,974,930,4.52,600.25
Ins_V5_J100_T20_R60_B10_W1_S226_N6.txt,5,100,24,1,600,600,0.00,32.92
Ins_V10_J50_T30_R60_B10_W4_S170_N0.txt,10,50,34,4,252,250,0.79,600.21
Ins_V2_J50_T20_R60_B10_W2_S100_N0.txt,2,50,26,2,1061,1061,0.00,28.69
Ins_V10_J150_T30_R60_B10_W2_S89_N9.txt,10,150,39,2,797,619,22.33,600.06
Ins_V10_J100_T10_R60_B10_W4_S240_N0.txt,10,100,13,4,354,324,8.47,600.15
Ins_V10_J150_T10_R60_B10_W2_S62_N2.txt,10,150,12,2,393,197,49.87,600.06
Ins_V5_J100_T20_R60_B10_W2_S227_N7.txt,5,100,22,2,721,721,0.00,361.38
Ins_V5_J50_T10_R60_B10_W4_S129_N9.txt,5,50,12,4,391,391,0.00,5.23
Ins_V10_J150_T10_R60_B10_W1_S68_N8.txt,10,150,12,1,264,224,15.15,600.08
Ins_V10_J50_T10_R60_B10_W1_S152_N2.txt,10,50,14,1,71,71,0.00,0.34
Ins_V2_J150_T30_R60_B10_W4_S25_N5.txt,2,150,38,4,4925,4881,0.89,600.11
Ins_V5_J100_T30_R60_B10_W4_S230_N0.txt,5,100,39,4,1295,1280,1.16,600.10
Ins_V2_J50_T30_R60_B10_W4_S116_N6.txt,2,50,35,4,1615,1615,0.00,179.99
Ins_V5_J100_T30_R60_B10_W2_S235_N5.txt,5,100,34,2,929,928,0.11,600.48
Ins_V2_J150_T10_R60_B10_W1_S6_N6.txt,2,150,13,1,1517,1517,0.00,179.89
Ins_V10_J150_T30_R60_B10_W1_S85_N5.txt,10,150,36,1,615,567,7.80,600.11
Ins_V10_J100_T30_R60_B10_W1_S267_N7.txt,10,100,39,1,407,407,0.00,81.60
Ins_V10_J100_T10_R60_B10_W1_S246_N6.txt,10,100,11,1,141,141,0.00,57.46
Ins_V2_J100_T30_R60_B10_W2_S208_N8.txt,2,100,40,2,2710,2710,0.00,128.69
Ins_V2_J100_T30_R60_B10_W2_S201_N1.txt,2,100,38,2,2597,2597,0.00,272.96
Ins_V5_J100_T30_R60_B10_W2_S232_N2.txt,5,100,35,2,964,964,0.00,285.40
Ins_V2_J50_T10_R60_B10_W4_S90_N0.txt,2,50,11,5,1107,1107,0.00,3.12
Ins_V5_J100_T30_R60_B10_W1_S236_N6.txt,5,100,39,1,905,905,0.00,74.21
Ins_V2_J150_T10_R60_B10_W4_S9_N9.txt,2,150,12,4,2940,2910,1.02,600.12
Ins_V5_J150_T30_R60_B10_W1_S52_N2.txt,5,150,37,1,1316,1316,0.00,277.77
Ins_V2_J50_T20_R60_B10_W2_S107_N7.txt,2,50,28,2,1032,1032,0.00,9.21
Ins_V2_J150_T10_R60_B10_W4_S4_N4.txt,2,150,13,4,3128,3068,1.92,600.10
Ins_V10_J50_T10_R60_B10_W4_S153_N3.txt,10,50,11,4,150,150,0.00,31.07
Ins_V5_J150_T10_R60_B10_W4_S33_N3.txt,5,150,11,4,1076,956,11.15,600.10
Ins_V10_J150_T20_R60_B10_W1_S70_N0.txt,10,150,26,1,462,425,8.01,600.17
Ins_V5_J150_T10_R60_B10_W4_S30_N0.txt,5,150,12,4,1156,1012,12.46,600.15
Ins_V2_J100_T30_R60_B10_W4_S202_N2.txt,2,100,38,4,3180,3150,0.94,600.07
Ins_V2_J100_T30_R60_B10_W4_S203_N3.txt,2,100,35,4,3118,3118,0.00,128.12
Ins_V10_J100_T30_R60_B10_W4_S260_N0.txt,10,100,39,4,615,589,4.23,600.23
Ins_V10_J50_T30_R60_B10_W2_S174_N4.txt,10,50,40,2,232,232,0.00,353.54
Ins_V2_J150_T10_R60_B10_W1_S5_N5.txt,2,150,12,1,1482,1482,0.00,150.08
Ins_V10_J50_T10_R60_B10_W1_S151_N1.txt,10,50,12,1,63,63,0.00,0.42
Ins_V5_J150_T10_R60_B10_W4_S39_N9.txt,5,150,11,4,1079,923,14.46,600.10
Ins_V10_J50_T30_R60_B10_W1_S171_N1.txt,10,50,36,1,184,184,0.00,0.74
Ins_V10_J50_T10_R60_B10_W2_S153_N3.txt,10,50,11,2,82,82,0.00,7.25
Ins_V10_J150_T20_R60_B10_W1_S76_N6.txt,10,150,25,1,447,447,0.00,592.73
Ins_V10_J100_T30_R60_B10_W1_S264_N4.txt,10,100,38,1,411,411,0.00,218.31
Ins_V10_J150_T20_R60_B10_W4_S75_N5.txt,10,150,25,4,761,693,8.94,600.23
Ins_V5_J50_T30_R60_B10_W2_S148_N8.txt,5,50,37,2,476,476,0.00,29.22
Ins_V2_J100_T20_R60_B10_W4_S199_N9.txt,2,100,26,4,2626,2596,1.14,600.15
Ins_V5_J150_T10_R60_B10_W1_S35_N5.txt,5,150,12,1,568,568,0.00,84.23
Ins_V2_J150_T30_R60_B10_W4_S20_N0.txt,2,150,36,4,4632,4632,0.00,464.17
Ins_V10_J100_T20_R60_B10_W1_S252_N2.txt,10,100,28,1,299,299,0.00,65.70
Ins_V10_J50_T10_R60_B10_W2_S152_N2.txt,10,50,14,2,94,94,0.00,7.64
Ins_V10_J100_T30_R60_B10_W2_S269_N9.txt,10,100,40,2,513,502,2.14,600.12
Ins_V5_J50_T20_R60_B10_W1_S134_N4.txt,5,50,24,1,274,274,0.00,4.53
Ins_V5_J50_T30_R60_B10_W4_S144_N4.txt,5,50,31,4,516,504,2.33,600.11
Ins_V2_J100_T30_R60_B10_W1_S206_N6.txt,2,100,39,1,2355,2355,0.00,65.63
Ins_V2_J100_T10_R60_B10_W1_S182_N2.txt,2,100,11,1,902,902,0.00,18.55
Ins_V10_J50_T20_R60_B10_W1_S168_N8.txt,10,50,26,1,131,131,0.00,0.35
Ins_V10_J100_T10_R60_B10_W1_S247_N7.txt,10,100,11,1,137,137,0.00,44.49
Ins_V2_J100_T10_R60_B10_W1_S181_N1.txt,2,100,11,1,926,926,0.00,13.90
Ins_V10_J50_T20_R60_B10_W1_S164_N4.txt,10,50,27,1,138,138,0.00,0.46
Ins_V10_J50_T20_R60_B10_W4_S161_N1.txt,10,50,25,4,210,210,0.00,163.14
Ins_V5_J50_T20_R60_B10_W2_S135_N5.txt,5,50,22,2,319,319,0.00,10.38
Ins_V2_J100_T30_R60_B10_W2_S209_N9.txt,2,100,36,2,2569,2569,0.00,137.66
Ins_V2_J150_T10_R60_B10_W1_S0_N0.txt,2,150,13,1,1531,1531,0.00,178.17
Ins_V5_J150_T10_R60_B10_W4_S37_N7.txt,5,150,12,4,1140,1101,3.42,600.14
Ins_V10_J100_T30_R60_B10_W1_S263_N3.txt,10,100,41,1,441,441,0.00,160.52
Ins_V10_J50_T20_R60_B10_W2_S166_N6.txt,10,50,28,2,169,167,1.18,602.31
Ins_V5_J100_T30_R60_B10_W1_S230_N0.txt,5,100,39,1,896,896,0.00,68.72
Ins_V5_J150_T10_R60_B10_W2_S36_N6.txt,5,150,12,2,790,598,24.30,600.30
Ins_V2_J150_T10_R60_B10_W4_S1_N1.txt,2,150,12,4,2907,2907,0.00,367.69
Ins_V10_J50_T20_R60_B10_W2_S169_N9.txt,10,50,22,2,133,133,0.00,10.97
Ins_V2_J50_T30_R60_B10_W1_S119_N9.txt,2,50,38,1,1123,1123,0.00,10.24
Ins_V5_J150_T10_R60_B10_W1_S39_N9.txt,5,150,11,1,539,539,0.00,159.93
Ins_V5_J100_T30_R60_B10_W2_S230_N0.txt,5,100,39,2,1064,1064,0.00,479.49
Ins_V5_J150_T20_R60_B10_W2_S40_N0.txt,5,150,23,2,1123,1123,0.00,198.07
Ins_V2_J150_T30_R60_B10_W2_S27_N7.txt,2,150,38,2,4113,4083,0.73,600.12
Ins_V5_J50_T30_R60_B10_W1_S146_N6.txt,5,50,42,1,446,446,0.00,4.74
Ins_V10_J100_T30_R60_B10_W4_S264_N4.txt,10,100,38,4,624,589,5.61,600.13
Ins_V10_J150_T10_R60_B10_W2_S66_N6.txt,10,150,12,2,406,190,53.20,600.10
Ins_V2_J50_T30_R60_B10_W2_S117_N7.txt,2,50,38,2,1267,1267,0.00,14.83
Ins_V5_J100_T30_R60_B10_W4_S232_N2.txt,5,100,35,4,1228,1192,2.93,600.15
Ins_V2_J50_T30_R60_B10_W4_S111_N1.txt,2,50,35,5,1694,1694,0.00,0.47
Ins_V10_J100_T10_R60_B10_W1_S249_N9.txt,10,100,11,1,128,128,0.00,28.24
Ins_V5_J150_T30_R60_B10_W2_S54_N4.txt,5,150,35,2,1497,1497,0.00,323.89
Ins_V2_J100_T10_R60_B10_W4_S180_N0.txt,2,100,11,4,1978,1948,1.52,600.13
Ins_V5_J50_T30_R60_B10_W2_S145_N5.txt,5,50,41,2,523,523,0.00,11.25
Ins_V10_J150_T10_R60_B10_W1_S63_N3.txt,10,150,11,1,221,221,0.00,339.51
Ins_V2_J50_T30_R60_B10_W4_S114_N4.txt,2,50,33,3,1382,1382,0.00,8.04
Ins_V2_J150_T10_R60_B10_W1_S4_N4.txt,2,150,13,1,1508,1508,0.00,179.20
Ins_V10_J50_T30_R60_B10_W2_S175_N5.txt,10,50,41,2,228,227,0.44,601.28
Ins_V10_J100_T20_R60_B10_W1_S250_N0.txt,10,100,24,1,264,264,0.00,187.59
Ins_V2_J150_T20_R60_B10_W4_S12_N2.txt,2,150,23,4,3703,3703,0.00,532.34
Ins_V5_J150_T30_R60_B10_W2_S52_N2.txt,5,150,37,2,1520,1508,0.79,600.13
Ins_V5_J150_T20_R60_B10_W4_S49_N9.txt,5,150,23,4,1480,1443,2.50,600.11
Ins_V5_J150_T20_R60_B10_W1_S46_N6.txt,5,150,25,1,946,903,4.55,600.16
Ins_V5_J50_T10_R60_B10_W1_S121_N1.txt,5,50,11,1,142,142,0.00,3.17
Ins_V5_J100_T10_R60_B10_W2_S212_N2.txt,5,100,12,2,493,493,0.00,86.28
Ins_V2_J50_T30_R60_B10_W4_S119_N9.txt,2,50,38,4,1603,1603,0.00,16.99
Ins_V5_J50_T10_R60_B10_W1_S129_N9.txt,5,50,12,1,151,151,0.00,3.60
Ins_V2_J150_T30_R60_B10_W2_S22_N2.txt,2,150,37,2,3952,3952,0.00,600.10
Ins_V10_J100_T20_R60_B10_W4_S253_N3.txt,10,100,23,4,461,442,4.12,600.11
Ins_V5_J100_T20_R60_B10_W4_S223_N3.txt,5,100,28,4,1066,1050,1.50,600.10
Ins_V10_J50_T20_R60_B10_W4_S165_N5.txt,10,50,22,5,213,213,0.00,43.85
Ins_V10_J50_T20_R60_B10_W2_S161_N1.txt,10,50,25,2,153,153,0.00,69.57
Ins_V2_J100_T30_R60_B10_W4_S204_N4.txt,2,100,36,4,3163,3162,0.03,600.08
Ins_V2_J100_T20_R60_B10_W2_S192_N2.txt,2,100,25,2,1984,1984,0.00,134.21
Ins_V5_J100_T20_R60_B10_W2_S221_N1.txt,5,100,26,2,812,801,1.35,600.59
Ins_V2_J150_T30_R60_B10_W4_S23_N3.txt,2,150,40,4,4887,4857,0.61,600.10
Ins_V5_J150_T10_R60_B10_W1_S33_N3.txt,5,150,11,1,536,536,0.00,186.69
Ins_V5_J150_T20_R60_B10_W2_S42_N2.txt,5,150,24,2,1150,829,27.91,600.12
Ins_V5_J50_T30_R60_B10_W1_S140_N0.txt,5,50,35,1,378,378,0.00,4.83
Ins_V2_J50_T10_R60_B10_W4_S96_N6.txt,2,50,11,4,974,974,0.00,0.73
Ins_V10_J100_T10_R60_B10_W2_S240_N0.txt,10,100,13,2,241,240,0.41,600.63
Ins_V5_J150_T30_R60_B10_W2_S59_N9.txt,5,150,40,2,1671,1656,0.90,600.14
Ins_V5_J50_T30_R60_B10_W4_S143_N3.txt,5,50,38,4,592,592,0.00,294.02
Ins_V2_J150_T30_R60_B10_W4_S24_N4.txt,2,150,40,4,4953,4953,0.00,445.93
Ins_V10_J50_T30_R60_B10_W1_S178_N8.txt,10,50,43,1,216,216,0.00,0.42
Ins_V2_J100_T30_R60_B10_W1_S208_N8.txt,2,100,40,1,2410,2410,0.00,71.39
Ins_V10_J50_T30_R60_B10_W1_S175_N5.txt,10,50,41,1,209,209,0.00,0.93
Ins_V5_J100_T10_R60_B10_W2_S218_N8.txt,5,100,11,2,491,491,0.00,277.08
Ins_V10_J150_T20_R60_B10_W1_S77_N7.txt,10,150,26,1,453,441,2.65,600.18
Ins_V10_J150_T20_R60_B10_W4_S73_N3.txt,10,150,25,3,700,582,16.86,600.34
Ins_V5_J150_T30_R60_B10_W2_S55_N5.txt,5,150,39,2,1620,1307,19.32,600.11
Ins_V10_J50_T10_R60_B10_W1_S156_N6.txt,10,50,11,1,60,60,0.00,0.39
Ins_V2_J150_T20_R60_B10_W2_S18_N8.txt,2,150,26,2,3060,3060,0.00,517.08
Ins_V5_J100_T10_R60_B10_W1_S214_N4.txt,5,100,13,1,353,353,0.00,21.07
Ins_V10_J50_T10_R60_B10_W2_S156_N6.txt,10,50,11,2,91,91,0.00,6.90
Ins_V10_J150_T20_R60_B10_W2_S75_N5.txt,10,150,25,2,562,391,30.43,600.08
Ins_V5_J150_T20_R60_B10_W4_S43_N3.txt,5,150,23,4,1488,1392,6.45,600.10
Ins_V10_J100_T30_R60_B10_W4_S269_N9.txt,10,100,40,4,644,617,4.19,600.17
Ins_V2_J100_T30_R60_B10_W4_S200_N0.txt,2,100,42,4,3635,3605,0.83,600.12
Ins_V5_J150_T30_R60_B10_W2_S51_N1.txt,5,150,38,2,1622,1292,20.35,600.13
Ins_V5_J50_T20_R60_B10_W2_S137_N7.txt,5,50,27,2,356,356,0.00,20.95
Ins_V10_J150_T20_R60_B10_W1_S72_N2.txt,10,150,26,1,451,426,5.54,600.10
Ins_V5_J50_T10_R60_B10_W1_S120_N0.txt,5,50,11,1,142,142,0.00,2.69
Ins_V10_J100_T30_R60_B10_W2_S268_N8.txt,10,100,34,2,446,444,0.45,600.31
Ins_V2_J150_T20_R60_B10_W1_S16_N6.txt,2,150,23,1,2330,2330,0.00,209.42
Ins_V10_J100_T10_R60_B10_W2_S248_N8.txt,10,100,14,2,255,249,2.35,600.58
Ins_V5_J100_T20_R60_B10_W1_S227_N7.txt,5,100,22,1,565,565,0.00,98.02
Ins_V10_J100_T10_R60_B10_W2_S241_N1.txt,10,100,13,2,233,233,0.00,119.81
Ins_V2_J100_T20_R60_B10_W2_S193_N3.txt,2,100,26,2,2093,2093,0.00,79.46
Ins_V2_J50_T20_R60_B10_W4_S108_N8.txt,2,50,25,4,1336,1336,0.00,30.76
Ins_V10_J100_T20_R60_B10_W4_S254_N4.txt,10,100,22,4,456,452,0.88,600.24
Ins_V5_J50_T10_R60_B10_W1_S124_N4.txt,5,50,12,1,148,148,0.00,3.66
Ins_V2_J150_T20_R60_B10_W2_S12_N2.txt,2,150,23,2,2833,2833,0.00,298.63
Ins_V2_J100_T10_R60_B10_W4_S187_N7.txt,2,100,11,4,2094,2061,1.58,600.23
Ins_V2_J150_T30_R60_B10_W2_S23_N3.txt,2,150,40,2,4077,4077,0.00,558.24
Ins_V10_J50_T10_R60_B10_W2_S154_N4.txt,10,50,11,2,88,88,0.00,8.36
Ins_V5_J150_T30_R60_B10_W2_S57_N7.txt,5,150,40,2,1650,1357,17.76,600.09
Ins_V5_J100_T20_R60_B10_W4_S229_N9.txt,5,100,26,4,1063,1015,4.52,600.10
Ins_V10_J100_T20_R60_B10_W2_S254_N4.txt,10,100,22,2,325,323,0.62,600.44
Ins_V5_J50_T20_R60_B10_W4_S138_N8.txt,5,50,24,5,519,519,0.00,11.87
Ins_V2_J50_T20_R60_B10_W1_S108_N8.txt,2,50,25,1,796,796,0.00,4.33
Ins_V2_J50_T20_R60_B10_W4_S101_N1.txt,2,50,23,4,1317,1317,0.00,0.36
Ins_V5_J100_T30_R60_B10_W1_S237_N7.txt,5,100,41,1,951,951,0.00,92.52
Ins_V5_J50_T20_R60_B10_W2_S133_N3.txt,5,50,26,2,372,372,0.00,9.98
Ins_V5_J100_T10_R60_B10_W4_S214_N4.txt,5,100,13,4,809,785,2.97,600.21
Ins_V2_J100_T10_R60_B10_W2_S182_N2.txt,2,100,11,2,1322,1322,0.00,51.88
Ins_V10_J100_T10_R60_B10_W1_S242_N2.txt,10,100,12,1,149,149,0.00,37.67
Ins_V5_J150_T20_R60_B10_W4_S42_N2.txt,5,150,24,4,1487,1431,3.77,600.10
Ins_V5_J50_T10_R60_B10_W4_S128_N8.txt,5,50,14,4,345,345,0.00,122.90
Ins_V2_J100_T10_R60_B10_W1_S188_N8.txt,2,100,13,1,1012,1012,0.00,26.72
Ins_V2_J100_T10_R60_B10_W1_S180_N0.txt,2,100,11,1,958,958,0.00,26.97
Ins_V2_J50_T10_R60_B10_W1_S97_N7.txt,2,50,10,1,393,393,0.00,1.76
Ins_V10_J150_T10_R60_B10_W4_S66_N6.txt,10,150,12,4,540,527,2.41,600.20
Ins_V10_J100_T10_R60_B10_W4_S247_N7.txt,10,100,11,4,341,331,2.93,600.17
Ins_V2_J50_T30_R60_B10_W1_S118_N8.txt,2,50,41,1,1178,1178,0.00,15.30
Ins_V2_J50_T30_R60_B10_W4_S118_N8.txt,2,50,41,4,1718,1718,0.00,34.73
Ins_V10_J150_T20_R60_B10_W2_S77_N7.txt,10,150,26,2,575,397,30.96,600.13
Ins_V10_J100_T30_R60_B10_W2_S267_N7.txt,10,100,39,2,501,496,1.00,600.26
Ins_V2_J150_T20_R60_B10_W1_S12_N2.txt,2,150,23,1,2353,2353,0.00,169.14
Ins_V5_J50_T30_R60_B10_W1_S142_N2.txt,5,50,33,1,361,361,0.00,5.38
Ins_V5_J50_T10_R60_B10_W1_S126_N6.txt,5,50,13,1,156,156,0.00,4.26
Ins_V10_J100_T30_R60_B10_W1_S260_N0.txt,10,100,39,1,421,421,0.00,367.20
Ins_V10_J150_T10_R60_B10_W1_S61_N1.txt,10,150,12,1,241,241,0.00,248.75
Ins_V2_J50_T30_R60_B10_W2_S114_N4.txt,2,50,33,3,1262,1262,0.00,11.76
Ins_V5_J50_T20_R60_B10_W2_S139_N9.txt,5,50,23,2,342,342,0.00,11.61
Ins_V2_J50_T20_R60_B10_W2_S106_N6.txt,2,50,27,2,1006,1006,0.00,10.23
Ins_V2_J50_T30_R60_B10_W4_S115_N5.txt,2,50,44,4,1865,1865,0.00,85.16
Ins_V2_J50_T20_R60_B10_W4_S107_N7.txt,2,50,28,4,1422,1422,0.00,18.06
Ins_V2_J150_T10_R60_B10_W1_S7_N7.txt,2,150,11,1,1384,1384,0.00,104.37
Ins_V5_J100_T10_R60_B10_W4_S216_N6.txt,5,100,11,4,703,703,0.00,600.10
Ins_V5_J150_T10_R60_B10_W4_S36_N6.txt,5,150,12,4,1174,1126,4.09,600.10
Ins_V10_J50_T30_R60_B10_W1_S170_N0.txt,10,50,34,1,172,172,0.00,0.55
Ins_V5_J50_T20_R60_B10_W1_S135_N5.txt,5,50,22,1,247,247,0.00,4.88
Ins_V10_J150_T20_R60_B10_W2_S74_N4.txt,10,150,29,2,633,466,26.38,600.07
Ins_V5_J50_T20_R60_B10_W4_S133_N3.txt,5,50,26,4,468,468,0.00,19.46
Ins_V10_J150_T20_R60_B10_W4_S77_N7.txt,10,150,26,4,762,705,7.48,600.27
Ins_V5_J150_T10_R60_B10_W4_S38_N8.txt,5,150,12,4,1148,1063,7.40,600.12
Ins_V2_J150_T20_R60_B10_W2_S17_N7.txt,2,150,23,2,2944,2944,0.00,513.70
Ins_V2_J50_T20_R60_B10_W4_S109_N9.txt,2,50,27,4,1387,1387,0.00,68.85
Ins_V2_J50_T20_R60_B10_W4_S104_N4.txt,2,50,26,4,1372,1372,0.00,23.15
Ins_V2_J150_T10_R60_B10_W4_S3_N3.txt,2,150,12,4,2997,2967,1.00,600.09
Ins_V10_J150_T10_R60_B10_W2_S61_N1.txt,10,150,12,2,381,300,21.26,600.13
Ins_V10_J150_T30_R60_B10_W1_S88_N8.txt,10,150,37,1,626,596,4.79,600.11
Ins_V2_J100_T10_R60_B10_W1_S189_N9.txt,2,100,13,1,1036,1036,0.00,26.10
Ins_V5_J50_T10_R60_B10_W2_S126_N6.txt,5,50,13,2,216,216,0.00,5.50
Ins_V5_J150_T30_R60_B10_W2_S53_N3.txt,5,150,37,2,1548,1536,0.78,600.14
Ins_V2_J50_T20_R60_B10_W2_S105_N5.txt,2,50,26,2,1023,1023,0.00,6.79
Ins_V5_J100_T20_R60_B10_W4_S226_N6.txt,5,100,24,4,997,990,0.70,600.09
Ins_V2_J100_T10_R60_B10_W4_S188_N8.txt,2,100,13,4,2092,2062,1.43,600.15
Ins_V10_J50_T10_R60_B10_W4_S158_N8.txt,10,50,12,4,130,128,1.54,601.17
Ins_V2_J100_T10_R60_B10_W2_S189_N9.txt,2,100,13,2,1396,1396,0.00,45.61
Ins_V10_J150_T10_R60_B10_W2_S69_N9.txt,10,150,12,2,371,208,43.94,600.15
Ins_V5_J150_T10_R60_B10_W1_S34_N4.txt,5,150,12,1,574,574,0.00,463.65
Ins_V5_J100_T20_R60_B10_W1_S225_N5.txt,5,100,25,1,648,648,0.00,70.65
Ins_V10_J100_T10_R60_B10_W1_S240_N0.txt,10,100,13,1,162,162,0.00,41.15
Ins_V5_J150_T20_R60_B10_W1_S47_N7.txt,5,150,25,1,960,874,8.96,600.07
Ins_V2_J150_T30_R60_B10_W4_S27_N7.txt,2,150,38,4,4893,4863,0.61,600.18
Ins_V10_J50_T10_R60_B10_W1_S155_N5.txt,10,50,13,1,69,69,0.00,0.36
Ins_V5_J100_T10_R60_B10_W4_S210_N0.txt,5,100,13,4,782,722,7.67,600.07
Ins_V5_J100_T10_R60_B10_W1_S210_N0.txt,5,100,13,1,362,362,0.00,47.14
Ins_V2_J150_T10_R60_B10_W2_S0_N0.txt,2,150,13,2,2131,2131,0.00,251.96
Ins_V2_J150_T30_R60_B10_W4_S29_N9.txt,2,150,39,4,5062,5015,0.93,600.62
Ins_V2_J100_T30_R60_B10_W2_S200_N0.txt,2,100,42,2,2885,2885,0.00,267.84
Ins_V2_J50_T20_R60_B10_W4_S100_N0.txt,2,50,26,4,1331,1331,0.00,14.74
Ins_V2_J100_T20_R60_B10_W1_S195_N5.txt,2,100,25,1,1580,1580,0.00,74.92
Ins_V2_J100_T10_R60_B10_W4_S181_N1.txt,2,100,11,4,2036,2036,0.00,58.21
Ins_V10_J150_T20_R60_B10_W4_S74_N4.txt,10,150,29,4,835,797,4.55,600.18
Ins_V10_J50_T20_R60_B10_W4_S164_N4.txt,10,50,27,5,247,246,0.40,600.18
Ins_V2_J50_T10_R60_B10_W1_S94_N4.txt,2,50,13,1,489,489,0.00,3.15
Ins_V5_J150_T10_R60_B10_W2_S35_N5.txt,5,150,12,2,798,782,2.01,600.14
Ins_V10_J50_T30_R60_B10_W1_S174_N4.txt,10,50,40,1,202,202,0.00,0.48
Ins_V2_J100_T30_R60_B10_W1_S205_N5.txt,2,100,37,1,2280,2280,0.00,112.60
Ins_V2_J50_T30_R60_B10_W2_S111_N1.txt,2,50,35,2,1213,1213,0.00,11.79
Ins_V10_J150_T10_R60_B10_W2_S68_N8.txt,10,150,12,2,363,202,44.35,600.08
Ins_V10_J150_T20_R60_B10_W2_S79_N9.txt,10,150,24,2,575,372,35.30,600.08
Ins_V5_J50_T10_R60_B10_W2_S129_N9.txt,5,50,12,2,235,235,0.00,5.90
Ins_V2_J50_T10_R60_B10_W4_S94_N4.txt,2,50,13,3,849,849,0.00,4.76
Ins_V5_J150_T20_R60_B10_W4_S48_N8.txt,5,150,26,4,1633,1596,2.27,600.14
Ins_V2_J100_T20_R60_B10_W2_S195_N5.txt,2,100,25,2,2030,2030,0.00,111.09
Ins_V10_J100_T20_R60_B10_W4_S258_N8.txt,10,100,25,4,492,436,11.38,600.12
Ins_V2_J150_T10_R60_B10_W1_S2_N2.txt,2,150,12,1,1505,1505,0.00,165.82
Ins_V10_J100_T20_R60_B10_W4_S256_N6.txt,10,100,24,4,486,459,5.56,600.13
Ins_V2_J100_T10_R60_B10_W4_S184_N4.txt,2,100,12,4,1826,1796,1.64,600.27
Ins_V2_J50_T30_R60_B10_W2_S115_N5.txt,2,50,44,2,1475,1475,0.00,8.39
Ins_V10_J100_T10_R60_B10_W2_S247_N7.txt,10,100,11,2,221,215,2.71,600.63
Ins_V10_J50_T10_R60_B10_W1_S150_N0.txt,10,50,10,1,52,52,0.00,0.37
Ins_V5_J100_T10_R60_B10_W1_S213_N3.txt,5,100,11,1,326,326,0.00,25.45
Ins_V5_J150_T30_R60_B10_W4_S53_N3.txt,5,150,37,4,1883,1704,9.51,600.19
Ins_V5_J150_T30_R60_B10_W4_S55_N5.txt,5,150,39,4,1979,1949,1.52,600.13
Ins_V10_J100_T30_R60_B10_W2_S263_N3.txt,10,100,41,3,552,543,1.63,600.15
Ins_V2_J50_T20_R60_B10_W1_S102_N2.txt,2,50,26,1,802,802,0.00,5.24
Ins_V2_J150_T20_R60_B10_W2_S14_N4.txt,2,150,24,2,2851,2851,0.00,600.26
Ins_V5_J50_T30_R60_B10_W1_S141_N1.txt,5,50,35,1,378,378,0.00,4.76
Ins_V2_J150_T20_R60_B10_W2_S15_N5.txt,2,150,25,2,3020,3020,0.00,474.61
Ins_V5_J150_T30_R60_B10_W1_S57_N7.txt,5,150,40,1,1419,1419,0.00,478.77
Ins_V10_J100_T20_R60_B10_W1_S257_N7.txt,10,100,27,1,310,310,0.00,227.62
Ins_V10_J150_T30_R60_B10_W2_S87_N7.txt,10,150,35,2,732,542,25.96,600.08
Ins_V2_J150_T30_R60_B10_W1_S20_N0.txt,2,150,36,1,3282,3282,0.00,515.36
Ins_V2_J50_T20_R60_B10_W2_S109_N9.txt,2,50,27,2,997,997,0.00,8.14
Ins_V5_J150_T20_R60_B10_W2_S46_N6.txt,5,150,25,2,1209,859,28.95,600.11
Ins_V5_J150_T10_R60_B10_W2_S33_N3.txt,5,150,11,2,764,635,16.88,600.09
Ins_V10_J100_T30_R60_B10_W2_S264_N4.txt,10,100,38,2,506,471,6.92,600.10
Ins_V10_J50_T10_R60_B10_W4_S151_N1.txt,10,50,12,4,152,151,0.66,600.24
Ins_V10_J50_T30_R60_B10_W4_S174_N4.txt,10,50,40,4,283,280,1.06,600.12
Ins_V2_J100_T30_R60_B10_W1_S201_N1.txt,2,100,38,1,2297,2297,0.00,72.89
Ins_V5_J50_T10_R60_B10_W4_S123_N3.txt,5,50,10,4,323,323,0.00,56.46
Ins_V5_J150_T20_R60_B10_W2_S44_N4.txt,5,150,24,2,1161,851,26.70,600.21
Ins_V2_J150_T30_R60_B10_W2_S24_N4.txt,2,150,40,2,4143,3303,20.28,600.06
Ins_V5_J150_T10_R60_B10_W2_S38_N8.txt,5,150,12,2,823,718,12.76,600.10
Ins_V2_J150_T20_R60_B10_W1_S11_N1.txt,2,150,26,1,2508,2508,0.00,312.16
Ins_V5_J100_T10_R60_B10_W2_S217_N7.txt,5,100,12,2,507,507,0.00,132.31
Ins_V10_J150_T10_R60_B10_W2_S67_N7.txt,10,150,13,2,400,209,47.75,600.08
Ins_V2_J100_T10_R60_B10_W2_S184_N4.txt,2,100,12,2,1346,1346,0.00,72.55
Ins_V10_J50_T30_R60_B10_W4_S172_N2.txt,10,50,36,4,273,272,0.37,600.16
Ins_V2_J50_T10_R60_B10_W4_S92_N2.txt,2,50,12,4,1045,1045,0.00,1.72
Ins_V10_J150_T10_R60_B10_W4_S69_N9.txt,10,150,12,4,523,448,14.34,600.26
Ins_V2_J150_T20_R60_B10_W2_S10_N0.txt,2,150,24,2,3051,3021,0.98,600.15
Ins_V5_J50_T20_R60_B10_W4_S137_N7.txt,5,50,27,4,477,476,0.21,600.20
Ins_V2_J100_T10_R60_B10_W4_S183_N3.txt,2,100,12,4,1836,1836,0.00,54.78
Ins_V2_J50_T20_R60_B10_W4_S105_N5.txt,2,50,26,4,1383,1383,0.00,127.03
Ins_V5_J100_T10_R60_B10_W1_S218_N8.txt,5,100,11,1,371,371,0.00,27.01
Ins_V5_J150_T30_R60_B10_W1_S54_N4.txt,5,150,35,1,1281,1281,0.00,334.73
Ins_V5_J150_T10_R60_B10_W1_S36_N6.txt,5,150,12,1,550,550,0.00,150.24
Ins_V10_J150_T20_R60_B10_W4_S71_N1.txt,10,150,23,4,720,692,3.89,600.21
Ins_V2_J100_T20_R60_B10_W2_S199_N9.txt,2,100,26,2,2146,2146,0.00,271.11
Ins_V10_J50_T30_R60_B10_W4_S179_N9.txt,10,50,39,4,270,268,0.74,600.14
Ins_V2_J50_T30_R60_B10_W1_S112_N2.txt,2,50,36,1,1059,1059,0.00,13.60
Ins_V5_J100_T10_R60_B10_W4_S213_N3.txt,5,100,11,4,722,674,6.65,600.14
Ins_V2_J100_T20_R60_B10_W1_S194_N4.txt,2,100,22,1,1539,1539,0.00,56.03
Ins_V10_J100_T20_R60_B10_W2_S250_N0.txt,10,100,24,2,344,336,2.33,600.09
Ins_V2_J150_T30_R60_B10_W1_S22_N2.txt,2,150,37,1,3352,3352,0.00,226.93
Ins_V2_J50_T20_R60_B10_W2_S108_N8.txt,2,50,25,2,946,946,0.00,8.13
Ins_V5_J50_T30_R60_B10_W1_S144_N4.txt,5,50,31,1,336,336,0.00,4.42
Ins_V2_J50_T10_R60_B10_W1_S96_N6.txt,2,50,11,1,434,434,0.00,1.28
Ins_V2_J50_T10_R60_B10_W2_S98_N8.txt,2,50,12,2,645,645,0.00,4.15
Ins_V5_J100_T20_R60_B10_W2_S220_N0.txt,5,100,23,2,737,736,0.14,600.51
Ins_V10_J100_T10_R60_B10_W2_S246_N6.txt,10,100,11,2,219,219,0.00,501.33
Ins_V2_J150_T10_R60_B10_W4_S8_N8.txt,2,150,12,4,2785,2755,1.08,600.13
Ins_V5_J100_T10_R60_B10_W4_S211_N1.txt,5,100,12,4,770,770,0.00,516.83
Ins_V2_J100_T20_R60_B10_W4_S195_N5.txt,2,100,25,4,2510,2480,1.20,600.19
Ins_V5_J100_T10_R60_B10_W4_S212_N2.txt,5,100,12,4,793,781,1.51,600.11
Ins_V2_J50_T30_R60_B10_W4_S113_N3.txt,2,50,40,3,1559,1559,0.00,9.09
Ins_V2_J150_T10_R60_B10_W2_S7_N7.txt,2,150,11,2,2014,2014,0.00,205.55
Ins_V2_J50_T20_R60_B10_W2_S102_N2.txt,2,50,26,2,1012,1012,0.00,8.43
Ins_V2_J100_T30_R60_B10_W1_S207_N7.txt,2,100,39,1,2348,2348,0.00,78.92
Ins_V10_J100_T20_R60_B10_W4_S257_N7.txt,10,100,27,4,503,455,9.54,600.21
Ins_V5_J50_T10_R60_B10_W2_S122_N2.txt,5,50,13,2,223,223,0.00,6.81
Ins_V2_J150_T20_R60_B10_W1_S19_N9.txt,2,150,24,1,2297,2297,0.00,183.27
Ins_V2_J150_T20_R60_B10_W4_S17_N7.txt,2,150,23,4,3844,3844,0.00,269.51
Ins_V2_J100_T10_R60_B10_W1_S187_N7.txt,2,100,11,1,954,954,0.00,25.63
Ins_V10_J50_T20_R60_B10_W4_S163_N3.txt,10,50,24,4,205,204,0.49,600.11
Ins_V5_J100_T20_R60_B10_W4_S224_N4.txt,5,100,25,4,992,942,5.04,600.15
Ins_V5_J100_T10_R60_B10_W2_S213_N3.txt,5,100,11,2,470,458,2.55,600.87
Ins_V5_J50_T20_R60_B10_W4_S132_N2.txt,5,50,29,3,479,477,0.42,600.16
Ins_V2_J100_T10_R60_B10_W2_S181_N1.txt,2,100,11,2,1346,1346,0.00,48.74
Ins_V2_J50_T10_R60_B10_W1_S92_N2.txt,2,50,12,1,475,475,0.00,2.36
Ins_V10_J50_T20_R60_B10_W2_S168_N8.txt,10,50,26,2,137,137,0.00,374.62
Ins_V2_J150_T20_R60_B10_W4_S11_N1.txt,2,150,26,4,4008,3961,1.17,600.11
Ins_V5_J150_T20_R60_B10_W1_S42_N2.txt,5,150,24,1,933,933,0.00,487.05
Ins_V5_J50_T20_R60_B10_W2_S134_N4.txt,5,50,24,2,346,346,0.00,6.90
Ins_V5_J100_T30_R60_B10_W4_S233_N3.txt,5,100,38,5,1375,1363,0.87,600.14
Ins_V5_J50_T30_R60_B10_W2_S147_N7.txt,5,50,32,2,433,433,0.00,9.40
Ins_V10_J50_T10_R60_B10_W4_S150_N0.txt,10,50,10,4,151,151,0.00,24.19
Ins_V10_J150_T30_R60_B10_W1_S83_N3.txt,10,150,38,1,634,634,0.00,564.83
Ins_V10_J150_T30_R60_B10_W4_S81_N1.txt,10,150,38,4,967,891,7.86,600.39
Ins_V5_J150_T30_R60_B10_W4_S51_N1.txt,5,150,38,4,1947,1885,3.18,600.11
Ins_V5_J50_T20_R60_B10_W1_S137_N7.txt,5,50,27,1,296,296,0.00,5.13
Ins_V5_J150_T10_R60_B10_W2_S30_N0.txt,5,150,12,2,820,699,14.76,600.11
Ins_V2_J150_T10_R60_B10_W2_S6_N6.txt,2,150,13,2,2207,2207,0.00,298.05
Ins_V5_J150_T30_R60_B10_W1_S51_N1.txt,5,150,38,1,1321,1321,0.00,519.09
Ins_V10_J150_T20_R60_B10_W1_S78_N8.txt,10,150,24,1,431,404,6.26,600.10
Ins_V5_J50_T30_R60_B10_W2_S143_N3.txt,5,50,38,2,484,484,0.00,18.39
Ins_V10_J100_T20_R60_B10_W1_S255_N5.txt,10,100,27,1,295,295,0.00,71.16
Ins_V10_J100_T10_R60_B10_W4_S241_N1.txt,10,100,13,4,348,328,5.75,600.16
Ins_V10_J150_T30_R60_B10_W2_S88_N8.txt,10,150,37,2,766,578,24.54,600.08
Ins_V5_J150_T30_R60_B10_W2_S56_N6.txt,5,150,41,2,1644,1376,16.30,600.52
Ins_V10_J100_T10_R60_B10_W1_S245_N5.txt,10,100,11,1,132,132,0.00,35.83
Ins_V5_J150_T20_R60_B10_W4_S40_N0.txt,5,150,23,4,1521,1435,5.65,600.12
Ins_V10_J150_T20_R60_B10_W2_S78_N8.txt,10,150,24,2,562,386,31.32,600.07
Ins_V10_J100_T20_R60_B10_W1_S258_N8.txt,10,100,25,1,280,280,0.00,116.69
Ins_V10_J50_T10_R60_B10_W1_S157_N7.txt,10,50,12,1,63,63,0.00,0.40
Ins_V10_J150_T30_R60_B10_W4_S88_N8.txt,10,150,37,4,931,925,0.64,600.21
Ins_V10_J50_T20_R60_B10_W1_S160_N0.txt,10,50,25,1,127,127,0.00,0.49
Ins_V10_J100_T30_R60_B10_W4_S263_N3.txt,10,100,41,4,623,609,2.25,600.26
Ins_V10_J50_T10_R60_B10_W2_S151_N1.txt,10,50,12,2,98,98,0.00,7.33
Ins_V5_J150_T20_R60_B10_W1_S41_N1.txt,5,150,26,1,963,963,0.00,456.52
Ins_V10_J100_T30_R60_B10_W1_S261_N1.txt,10,100,36,1,379,379,0.00,75.70
Ins_V5_J50_T20_R60_B10_W1_S138_N8.txt,5,50,24,1,267,267,0.00,4.24
Ins_V5_J100_T30_R60_B10_W1_S233_N3.txt,5,100,38,1,883,883,0.00,55.99
Ins_V10_J50_T20_R60_B10_W4_S169_N9.txt,10,50,22,4,182,181,0.55,600.90
Ins_V5_J50_T30_R60_B10_W1_S148_N8.txt,5,50,37,1,404,404,0.00,4.92
Ins_V10_J100_T10_R60_B10_W2_S249_N9.txt,10,100,11,2,218,218,0.00,439.20
Ins_V10_J50_T20_R60_B10_W1_S165_N5.txt,10,50,22,1,111,111,0.00,0.37
Ins_V10_J50_T30_R60_B10_W2_S179_N9.txt,10,50,39,2,226,226,0.00,60.64
Ins_V2_J50_T20_R60_B10_W2_S104_N4.txt,2,50,26,3,1072,1072,0.00,10.24
Ins_V5_J100_T30_R60_B10_W4_S237_N7.txt,5,100,41,4,1371,1359,0.88,600.19
Ins_V10_J100_T10_R60_B10_W1_S243_N3.txt,10,100,11,1,135,135,0.00,34.91
Ins_V10_J50_T20_R60_B10_W1_S166_N6.txt,10,50,28,1,143,143,0.00,0.90
Ins_V10_J150_T20_R60_B10_W2_S76_N6.txt,10,150,25,2,566,393,30.57,600.07
Ins_V10_J50_T30_R60_B10_W1_S172_N2.txt,10,50,36,1,182,182,0.00,0.37
Ins_V10_J50_T30_R60_B10_W4_S176_N6.txt,10,50,32,4,254,252,0.79,600.20
Ins_V10_J100_T30_R60_B10_W4_S261_N1.txt,10,100,36,4,574,555,3.31,600.24
Ins_V5_J50_T30_R60_B10_W4_S140_N0.txt,5,50,35,5,618,618,0.00,561.35
Ins_V5_J50_T10_R60_B10_W1_S125_N5.txt,5,50,13,1,157,157,0.00,2.27
Ins_V5_J150_T10_R60_B10_W1_S32_N2.txt,5,150,11,1,523,523,0.00,157.77
Ins_V5_J150_T20_R60_B10_W4_S45_N5.txt,5,150,26,4,1622,1478,8.88,600.18
Ins_V2_J150_T10_R60_B10_W1_S8_N8.txt,2,150,12,1,1495,1495,0.00,177.77
Ins_V10_J50_T10_R60_B10_W4_S155_N5.txt,10,50,13,5,183,183,0.00,5.20
Ins_V5_J150_T20_R60_B10_W1_S48_N8.txt,5,150,26,1,972,972,0.00,507.64
Ins_V10_J100_T20_R60_B10_W2_S253_N3.txt,10,100,23,2,336,334,0.60,600.35
Ins_V10_J100_T20_R60_B10_W4_S259_N9.txt,10,100,24,4,483,458,5.18,600.19
Ins_V2_J150_T30_R60_B10_W4_S21_N1.txt,2,150,41,4,5164,5103,1.18,600.32
Ins_V2_J150_T30_R60_B10_W2_S28_N8.txt,2,150,36,2,3921,2989,23.77,600.07
Ins_V5_J50_T30_R60_B10_W1_S145_N5.txt,5,50,41,1,439,439,0.00,5.07
Ins_V5_J50_T10_R60_B10_W2_S128_N8.txt,5,50,14,2,249,249,0.00,8.77
Ins_V10_J100_T20_R60_B10_W2_S259_N9.txt,10,100,24,2,337,335,0.59,600.29
Ins_V5_J50_T20_R60_B10_W4_S139_N9.txt,5,50,23,4,450,450,0.00,22.60
Ins_V2_J100_T20_R60_B10_W2_S196_N6.txt,2,100,27,2,2083,2083,0.00,123.27
Ins_V10_J150_T30_R60_B10_W1_S81_N1.txt,10,150,38,1,645,630,2.33,600.11
Ins_V5_J50_T10_R60_B10_W2_S124_N4.txt,5,50,12,2,196,196,0.00,4.68
Ins_V2_J50_T20_R60_B10_W1_S100_N0.txt,2,50,26,1,851,851,0.00,4.78
Ins_V2_J50_T10_R60_B10_W1_S95_N5.txt,2,50,12,1,451,451,0.00,2.25
Ins_V10_J150_T10_R60_B10_W4_S63_N3.txt,10,150,11,4,569,563,1.05,600.25
Ins_V5_J100_T20_R60_B10_W2_S229_N9.txt,5,100,26,2,775,775,0.00,317.35
Ins_V2_J100_T20_R60_B10_W4_S194_N4.txt,2,100,22,4,2379,2379,0.00,102.54
Ins_V2_J100_T20_R60_B10_W1_S197_N7.txt,2,100,25,1,1557,1557,0.00,40.33
Ins_V2_J100_T30_R60_B10_W4_S205_N5.txt,2,100,37,4,3360,3330,0.89,600.07
Ins_V10_J100_T20_R60_B10_W2_S255_N5.txt,10,100,27,2,394,385,2.28,600.38
Ins_V10_J150_T20_R60_B10_W1_S79_N9.txt,10,150,24,1,428,412,3.74,600.13
Ins_V2_J100_T10_R60_B10_W4_S186_N6.txt,2,100,13,4,1989,1989,0.00,56.11
Ins_V5_J50_T10_R60_B10_W4_S127_N7.txt,5,50,11,4,351,351,0.00,61.80
Ins_V5_J100_T20_R60_B10_W4_S225_N5.txt,5,100,25,4,1024,925,9.67,600.12
Ins_V5_J100_T10_R60_B10_W2_S216_N6.txt,5,100,11,2,487,487,0.00,325.75
Ins_V2_J100_T20_R60_B10_W4_S192_N2.txt,2,100,25,4,2614,2614,0.00,139.39
Ins_V2_J50_T30_R60_B10_W1_S111_N1.txt,2,50,35,1,1064,1064,0.00,7.86
Ins_V2_J150_T10_R60_B10_W2_S9_N9.txt,2,150,12,2,2130,2130,0.00,288.76
Ins_V2_J50_T10_R60_B10_W2_S96_N6.txt,2,50,11,2,674,674,0.00,3.16
Ins_V10_J50_T30_R60_B10_W4_S177_N7.txt,10,50,45,4,301,295,1.99,600.13
Ins_V2_J100_T20_R60_B10_W1_S191_N1.txt,2,100,26,1,1660,1660,0.00,59.58
Ins_V10_J150_T20_R60_B10_W4_S78_N8.txt,10,150,24,4,769,698,9.23,600.20
Ins_V5_J150_T20_R60_B10_W1_S44_N4.txt,5,150,24,1,908,908,0.00,466.03
Ins_V2_J150_T10_R60_B10_W4_S5_N5.txt,2,150,12,4,2922,2922,0.00,427.28
Ins_V5_J50_T30_R60_B10_W4_S142_N2.txt,5,50,33,4,589,577,2.04,600.19
Ins_V5_J150_T10_R60_B10_W2_S39_N9.txt,5,150,11,2,755,645,14.57,600.15
Ins_V5_J100_T10_R60_B10_W1_S217_N7.txt,5,100,12,1,351,351,0.00,30.52
Ins_V5_J150_T20_R60_B10_W2_S41_N1.txt,5,150,26,2,1201,1191,0.83,600.27
Ins_V10_J150_T30_R60_B10_W2_S84_N4.txt,10,150,38,2,783,586,25.16,603.25
Ins_V2_J50_T10_R60_B10_W2_S92_N2.txt,2,50,12,2,625,625,0.00,4.88
Ins_V10_J50_T20_R60_B10_W4_S167_N7.txt,10,50,25,4,212,211,0.47,600.15
Ins_V5_J100_T30_R60_B10_W1_S239_N9.txt,5,100,37,1,837,837,0.00,199.16
Ins_V2_J50_T10_R60_B10_W1_S91_N1.txt,2,50,13,1,495,495,0.00,2.67
Ins_V2_J100_T10_R60_B10_W2_S188_N8.txt,2,100,13,2,1372,1372,0.00,74.59
Ins_V2_J100_T30_R60_B10_W4_S206_N6.txt,2,100,39,5,3645,3645,0.00,125.37
Ins_V5_J100_T30_R60_B10_W2_S233_N3.txt,5,100,38,2,1052,1050,0.19,600.50
Ins_V2_J100_T10_R60_B10_W2_S186_N6.txt,2,100,13,2,1419,1419,0.00,69.14
Ins_V2_J100_T20_R60_B10_W4_S197_N7.txt,2,100,25,4,2547,2547,0.00,299.24
Ins_V10_J150_T10_R60_B10_W1_S69_N9.txt,10,150,12,1,245,244,0.41,600.20
Ins_V2_J150_T30_R60_B10_W1_S29_N9.txt,2,150,39,1,3472,3472,0.00,502.55
Ins_V10_J50_T30_R60_B10_W1_S177_N7.txt,10,50,45,1,229,229,0.00,0.81
Ins_V10_J50_T20_R60_B10_W2_S164_N4.txt,10,50,27,2,152,150,1.32,602.10
Ins_V10_J100_T30_R60_B10_W4_S265_N5.txt,10,100,38,4,608,573,5.76,600.20
Ins_V2_J50_T30_R60_B10_W1_S114_N4.txt,2,50,33,1,992,992,0.00,10.26
Ins_V2_J100_T10_R60_B10_W2_S187_N7.txt,2,100,11,2,1284,1284,0.00,53.07
Ins_V5_J50_T10_R60_B10_W1_S127_N7.txt,5,50,11,1,135,135,0.00,3.78
Ins_V10_J100_T30_R60_B10_W4_S268_N8.txt,10,100,34,4,592,576,2.70,600.17
Ins_V2_J50_T20_R60_B10_W1_S106_N6.txt,2,50,27,1,796,796,0.00,5.00
Ins_V5_J150_T20_R60_B10_W1_S40_N0.txt,5,150,23,1,884,857,3.05,600.13
Ins_V10_J50_T30_R60_B10_W4_S175_N5.txt,10,50,41,4,289,287,0.69,600.23
Ins_V5_J50_T30_R60_B10_W2_S149_N9.txt,5,50,37,2,493,493,0.00,23.99
Ins_V5_J50_T20_R60_B10_W1_S132_N2.txt,5,50,29,1,333,333,0.00,4.72
Ins_V10_J50_T30_R60_B10_W1_S173_N3.txt,10,50,36,1,185,185,0.00,0.40
Ins_V2_J50_T10_R60_B10_W4_S97_N7.txt,2,50,10,4,903,903,0.00,2.28
Ins_V10_J100_T20_R60_B10_W2_S251_N1.txt,10,100,29,2,392,385,1.79,600.14
Ins_V10_J100_T20_R60_B10_W1_S259_N9.txt,10,100,24,1,269,269,0.00,218.66
Ins_V2_J50_T10_R60_B10_W1_S93_N3.txt,2,50,11,1,449,449,0.00,1.89
Ins_V10_J150_T30_R60_B10_W1_S86_N6.txt,10,150,34,1,573,547,4.54,600.09
Ins_V10_J50_T30_R60_B10_W4_S171_N1.txt,10,50,36,4,269,268,0.37,600.39
Ins_V10_J150_T30_R60_B10_W1_S84_N4.txt,10,150,38,1,633,611,3.48,600.17
Ins_V10_J50_T20_R60_B10_W2_S165_N5.txt,10,50,22,2,135,135,0.00,18.37
Ins_V5_J150_T10_R60_B10_W1_S30_N0.txt,5,150,12,1,568,568,0.00,87.48
Ins_V5_J50_T20_R60_B10_W2_S131_N1.txt,5,50,28,2,390,390,0.00,8.46
Ins_V5_J150_T30_R60_B10_W2_S50_N0.txt,5,150,35,2,1481,1181,20.26,600.11
Ins_V2_J150_T20_R60_B10_W1_S14_N4.txt,2,150,24,1,2311,2311,0.00,238.75
Ins_V5_J50_T10_R60_B10_W4_S120_N0.txt,5,50,11,4,310,310,0.00,153.04
Ins_V10_J150_T30_R60_B10_W2_S82_N2.txt,10,150,37,2,760,588,22.63,600.08
Ins_V5_J150_T20_R60_B10_W2_S45_N5.txt,5,150,26,2,1238,938,24.23,600.10
Ins_V5_J50_T30_R60_B10_W4_S148_N8.txt,5,50,37,4,621,613,1.29,600.31
Ins_V2_J50_T10_R60_B10_W4_S99_N9.txt,2,50,11,4,943,943,0.00,0.72
Ins_V2_J150_T20_R60_B10_W1_S18_N8.txt,2,150,26,1,2490,2490,0.00,289.83
Ins_V10_J150_T20_R60_B10_W1_S71_N1.txt,10,150,23,1,428,387,9.58,600.12
Ins_V2_J100_T20_R60_B10_W1_S198_N8.txt,2,100,24,1,1566,1566,0.00,50.03
Ins_V2_J50_T30_R60_B10_W4_S112_N2.txt,2,50,36,4,1479,1479,0.00,14.29
Ins_V5_J150_T20_R60_B10_W4_S44_N4.txt,5,150,24,4,1532,1508,1.57,600.15
Ins_V2_J100_T10_R60_B10_W2_S183_N3.txt,2,100,12,2,1296,1296,0.00,53.33
Ins_V5_J150_T10_R60_B10_W4_S32_N2.txt,5,150,11,4,1135,1087,4.23,600.10
Ins_V2_J150_T10_R60_B10_W4_S6_N6.txt,2,150,13,4,2867,2867,0.00,507.16
Ins_V5_J100_T20_R60_B10_W2_S222_N2.txt,5,100,27,2,820,820,0.00,253.19
Ins_V5_J150_T20_R60_B10_W1_S45_N5.txt,5,150,26,1,974,974,0.00,488.72
Ins_V2_J100_T30_R60_B10_W2_S204_N4.txt,2,100,36,2,2532,2532,0.00,152.78
Ins_V10_J50_T30_R60_B10_W2_S170_N0.txt,10,50,34,2,198,196,1.01,601.46
Ins_V5_J150_T30_R60_B10_W4_S58_N8.txt,5,150,36,4,1925,1792,6.91,600.16
Ins_V5_J50_T30_R60_B10_W2_S142_N2.txt,5,50,33,2,433,433,0.00,15.95
Ins_V2_J150_T20_R60_B10_W1_S15_N5.txt,2,150,25,1,2450,2450,0.00,215.63
Ins_V5_J50_T30_R60_B10_W4_S145_N5.txt,5,50,41,4,631,631,0.00,314.97
Ins_V10_J50_T10_R60_B10_W4_S159_N9.txt,10,50,12,4,159,159,0.00,135.42
Ins_V5_J100_T10_R60_B10_W4_S219_N9.txt,5,100,12,4,772,752,2.59,600.16
Ins_V5_J150_T30_R60_B10_W1_S56_N6.txt,5,150,41,1,1416,1416,0.00,223.07
Ins_V2_J50_T10_R60_B10_W2_S94_N4.txt,2,50,13,2,729,729,0.00,5.25
Ins_V10_J100_T30_R60_B10_W2_S266_N6.txt,10,100,37,2,480,435,9.38,600.08
Ins_V5_J50_T30_R60_B10_W4_S147_N7.txt,5,50,32,4,565,565,0.00,3.71
Ins_V2_J50_T20_R60_B10_W4_S102_N2.txt,2,50,26,3,1192,1192,0.00,14.53
Ins_V5_J50_T20_R60_B10_W2_S138_N8.txt,5,50,24,2,363,363,0.00,20.31
Ins_V5_J100_T10_R60_B10_W1_S219_N9.txt,5,100,12,1,352,352,0.00,33.29
Ins_V2_J150_T30_R60_B10_W4_S22_N2.txt,2,150,37,4,4732,4732,0.00,296.86
Ins_V2_J150_T20_R60_B10_W4_S14_N4.txt,2,150,24,4,3841,3809,0.83,600.10
Ins_V2_J50_T10_R60_B10_W2_S93_N3.txt,2,50,11,3,719,719,0.00,9.37
Ins_V2_J150_T30_R60_B10_W1_S24_N4.txt,2,150,40,1,3573,3573,0.00,189.03
Ins_V10_J50_T30_R60_B10_W2_S173_N3.txt,10,50,36,2,206,203,1.46,601.72
Ins_V10_J150_T10_R60_B10_W1_S67_N7.txt,10,150,13,1,263,263,0.00,393.02
Ins_V2_J150_T10_R60_B10_W4_S0_N0.txt,2,150,13,4,2851,2821,1.05,600.12
Ins_V2_J100_T20_R60_B10_W2_S194_N4.txt,2,100,22,2,1899,1899,0.00,97.18
Ins_V10_J50_T30_R60_B10_W1_S176_N6.txt,10,50,32,1,162,162,0.00,0.77
Ins_V5_J50_T10_R60_B10_W4_S125_N5.txt,5,50,13,3,313,313,0.00,79.92
Ins_V2_J150_T20_R60_B10_W1_S13_N3.txt,2,150,24,1,2350,2350,0.00,291.41
Ins_V10_J100_T10_R60_B10_W4_S242_N2.txt,10,100,12,4,371,341,8.09,600.16
Ins_V2_J50_T10_R60_B10_W2_S95_N5.txt,2,50,12,2,661,661,0.00,2.98
Ins_V2_J50_T30_R60_B10_W2_S119_N9.txt,2,50,38,2,1273,1273,0.00,12.53
Ins_V5_J100_T10_R60_B10_W4_S215_N5.txt,5,100,13,4,759,749,1.32,600.12
Ins_V2_J50_T30_R60_B10_W2_S112_N2.txt,2,50,36,2,1209,1209,0.00,8.52
Ins_V10_J100_T30_R60_B10_W4_S266_N6.txt,10,100,37,4,580,527,9.14,600.18
Ins_V10_J150_T10_R60_B10_W2_S64_N4.txt,10,150,11,2,371,180,51.48,600.13
Ins_V10_J150_T20_R60_B10_W2_S73_N3.txt,10,150,25,2,553,401,27.49,600.14
Ins_V5_J50_T10_R60_B10_W4_S124_N4.txt,5,50,12,4,400,400,0.00,2.30
Ins_V10_J150_T10_R60_B10_W4_S61_N1.txt,10,150,12,4,550,499,9.27,600.21
Ins_V2_J150_T10_R60_B10_W1_S3_N3.txt,2,150,12,1,1467,1467,0.00,145.11
Ins_V2_J50_T30_R60_B10_W1_S113_N3.txt,2,50,40,1,1199,1199,0.00,11.87
Ins_V10_J150_T20_R60_B10_W4_S79_N9.txt,10,150,24,4,723,667,7.75,600.21
Ins_V2_J150_T30_R60_B10_W1_S23_N3.txt,2,150,40,1,3567,3567,0.00,442.28
Ins_V10_J50_T30_R60_B10_W2_S171_N1.txt,10,50,36,2,216,214,0.93,601.30
Ins_V5_J50_T10_R60_B10_W2_S125_N5.txt,5,50,13,2,217,217,0.00,11.39
Ins_V10_J50_T30_R60_B10_W2_S177_N7.txt,10,50,45,2,235,235,0.00,7.85
Ins_V10_J100_T10_R60_B10_W1_S241_N1.txt,10,100,13,1,155,155,0.00,68.05
Ins_V10_J150_T10_R60_B10_W1_S66_N6.txt,10,150,12,1,239,239,0.00,323.24
Ins_V10_J50_T20_R60_B10_W4_S166_N6.txt,10,50,28,4,234,227,2.99,600.13
Ins_V10_J50_T20_R60_B10_W2_S162_N2.txt,10,50,24,2,143,143,0.00,358.10
Ins_V10_J50_T20_R60_B10_W1_S163_N3.txt,10,50,24,1,120,120,0.00,0.47
Ins_V10_J150_T10_R60_B10_W2_S65_N5.txt,10,150,12,2,389,227,41.65,600.07
Ins_V2_J50_T30_R60_B10_W2_S116_N6.txt,2,50,35,2,1225,1225,0.00,10.14
Ins_V5_J150_T20_R60_B10_W4_S41_N1.txt,5,150,26,4,1626,1563,3.87,600.29
Ins_V10_J50_T10_R60_B10_W1_S159_N9.txt,10,50,12,1,63,63,0.00,0.35
Ins_V2_J100_T20_R60_B10_W4_S190_N0.txt,2,100,27,3,2504,2504,0.00,105.71
Ins_V10_J100_T30_R60_B10_W2_S262_N2.txt,10,100,34,2,441,403,8.62,600.15
Ins_V2_J100_T30_R60_B10_W1_S204_N4.txt,2,100,36,1,2232,2232,0.00,127.75
Ins_V5_J100_T20_R60_B10_W1_S229_N9.txt,5,100,26,1,607,607,0.00,67.17
Ins_V10_J50_T30_R60_B10_W2_S178_N8.txt,10,50,43,2,246,246,0.00,537.44
Ins_V2_J150_T20_R60_B10_W4_S16_N6.txt,2,150,23,4,3950,3950,0.00,60.40
Ins_V10_J50_T20_R60_B10_W4_S162_N2.txt,10,50,24,4,216,215,0.46,600.23
Ins_V10_J150_T30_R60_B10_W4_S83_N3.txt,10,150,38,4,974,964,1.03,600.23
Ins_V5_J100_T20_R60_B10_W1_S223_N3.txt,5,100,28,1,682,682,0.00,105.49
Ins_V2_J150_T30_R60_B10_W2_S29_N9.txt,2,150,39,2,4102,4102,0.00,600.09
Ins_V10_J150_T20_R60_B10_W2_S70_N0.txt,10,150,26,2,609,505,17.08,600.10
Ins_V5_J50_T30_R60_B10_W4_S146_N6.txt,5,50,42,5,699,686,1.86,600.08
Ins_V5_J50_T10_R60_B10_W2_S127_N7.txt,5,50,11,2,207,207,0.00,8.60
Ins_V2_J50_T30_R60_B10_W4_S110_N0.txt,2,50,35,4,1557,1557,0.00,90.96
Ins_V2_J150_T30_R60_B10_W1_S25_N5.txt,2,150,38,1,3455,3455,0.00,435.42
Ins_V2_J100_T20_R60_B10_W1_S199_N9.txt,2,100,26,1,1666,1666,0.00,74.11
Ins_V10_J100_T30_R60_B10_W2_S260_N0.txt,10,100,39,2,481,436,9.36,600.08
Ins_V10_J100_T20_R60_B10_W1_S251_N1.txt,10,100,29,1,319,319,0.00,202.52
Ins_V5_J100_T30_R60_B10_W4_S238_N8.txt,5,100,38,4,1284,1200,6.54,600.12
Ins_V10_J100_T30_R60_B10_W1_S265_N5.txt,10,100,38,1,405,405,0.00,88.42
Ins_V5_J100_T30_R60_B10_W4_S231_N1.txt,5,100,39,4,1262,1247,1.19,600.25
Ins_V5_J100_T10_R60_B10_W4_S217_N7.txt,5,100,12,4,795,777,2.26,600.11
Ins_V10_J150_T10_R60_B10_W4_S68_N8.txt,10,150,12,4,573,553,3.49,600.21
Ins_V2_J50_T30_R60_B10_W1_S110_N0.txt,2,50,35,1,1017,1017,0.00,8.65
Ins_V10_J100_T30_R60_B10_W4_S267_N7.txt,10,100,39,4,630,575,8.73,600.14
Ins_V2_J50_T30_R60_B10_W4_S117_N7.txt,2,50,38,4,1657,1657,0.00,38.77
Ins_V5_J50_T20_R60_B10_W4_S134_N4.txt,5,50,24,4,514,514,0.00,36.28
Ins_V5_J100_T30_R60_B10_W4_S236_N6.txt,5,100,39,4,1302,1289,1.00,600.08
Ins_V2_J150_T30_R60_B10_W4_S26_N6.txt,2,150,39,4,5002,4972,0.60,600.19
Ins_V2_J100_T10_R60_B10_W1_S185_N5.txt,2,100,12,1,980,980,0.00,27.85
Ins_V5_J50_T10_R60_B10_W1_S123_N3.txt,5,50,10,1,131,131,0.00,3.43
Ins_V10_J150_T20_R60_B10_W1_S75_N5.txt,10,150,25,1,447,447,0.00,511.45
Ins_V5_J100_T20_R60_B10_W1_S224_N4.txt,5,100,25,1,606,606,0.00,36.99
Ins_V2_J100_T30_R60_B10_W1_S200_N0.txt,2,100,42,1,2495,2495,0.00,64.84
Ins_V10_J100_T20_R60_B10_W4_S251_N1.txt,10,100,29,4,537,529,1.49,600.16
Ins_V10_J150_T30_R60_B10_W4_S84_N4.txt,10,150,38,4,916,855,6.66,600.20
Ins_V5_J100_T30_R60_B10_W4_S235_N5.txt,5,100,34,4,1168,1168,0.00,459.36
Ins_V10_J100_T20_R60_B10_W1_S253_N3.txt,10,100,23,1,262,262,0.00,311.90
Ins_V10_J100_T30_R60_B10_W1_S262_N2.txt,10,100,34,1,368,368,0.00,134.95
Ins_V2_J150_T10_R60_B10_W4_S7_N7.txt,2,150,11,4,3094,3094,0.00,28.95
Ins_V2_J100_T20_R60_B10_W1_S192_N2.txt,2,100,25,1,1654,1654,0.00,95.27
Ins_V2_J100_T30_R60_B10_W1_S203_N3.txt,2,100,35,1,2098,2098,0.00,43.85
Ins_V2_J100_T10_R60_B10_W4_S189_N9.txt,2,100,13,4,1996,1996,0.00,70.85
Ins_V5_J100_T10_R60_B10_W1_S211_N1.txt,5,100,12,1,338,338,0.00,31.53
Ins_V10_J150_T10_R60_B10_W4_S64_N4.txt,10,150,11,4,536,517,3.54,600.26
Ins_V10_J50_T10_R60_B10_W4_S156_N6.txt,10,50,11,4,152,152,0.00,40.22
Ins_V2_J50_T20_R60_B10_W1_S105_N5.txt,2,50,26,1,813,813,0.00,4.22
Ins_V2_J150_T20_R60_B10_W2_S19_N9.txt,2,150,24,2,3017,3017,0.00,522.53
Ins_V10_J50_T10_R60_B10_W2_S159_N9.txt,10,50,12,2,89,89,0.00,7.26
Ins_V5_J100_T20_R60_B10_W2_S226_N6.txt,5,100,24,2,708,708,0.00,444.05
Ins_V2_J100_T20_R60_B10_W2_S198_N8.txt,2,100,24,2,1926,1926,0.00,103.61
Ins_V10_J50_T10_R60_B10_W4_S157_N7.txt,10,50,12,4,142,141,0.70,601.36
Ins_V2_J50_T20_R60_B10_W1_S103_N3.txt,2,50,27,1,826,826,0.00,8.02
Ins_V2_J50_T10_R60_B10_W2_S97_N7.txt,2,50,10,2,603,603,0.00,3.85
Ins_V10_J150_T10_R60_B10_W1_S64_N4.txt,10,150,11,1,241,241,0.00,410.28
Ins_V5_J50_T30_R60_B10_W1_S147_N7.txt,5,50,32,1,349,349,0.00,6.07
Ins_V5_J50_T20_R60_B10_W4_S135_N5.txt,5,50,22,4,463,463,0.00,6.45
Ins_V5_J100_T30_R60_B10_W2_S231_N1.txt,5,100,39,2,1010,1009,0.10,600.36
Ins_V5_J150_T30_R60_B10_W1_S50_N0.txt,5,150,35,1,1253,1253,0.00,322.00
Ins_V5_J100_T20_R60_B10_W2_S224_N4.txt,5,100,25,2,750,750,0.00,63.93
Ins_V2_J50_T30_R60_B10_W1_S117_N7.txt,2,50,38,1,1117,1117,0.00,8.16
Ins_V10_J100_T10_R60_B10_W4_S249_N9.txt,10,100,11,5,375,362,3.47,600.14
Ins_V10_J150_T30_R60_B10_W2_S85_N5.txt,10,150,36,2,773,576,25.49,600.08
Ins_V5_J50_T20_R60_B10_W1_S131_N1.txt,5,50,28,1,306,306,0.00,6.71
Ins_V2_J100_T20_R60_B10_W1_S196_N6.txt,2,100,27,1,1723,1723,0.00,99.21
